ApplicantIncome,CoapplicantIncome,LoanAmount,Loan_Amount_Term,Credit_History,Loan_Status,LoanAmount_log,Gender_Female,Gender_Male,Married_No,Married_Yes,Dependents_0,Dependents_1,Dependents_2,Dependents_3+,Education_Graduate,Education_Not Graduate,Self_Employed_No,Self_Employed_Yes,Property_Area_Rural,Property_Area_Semiurban,Property_Area_Urban,Loan_ID
5849,0.0,128.0,360.0,1.0,1,4.852030263919617,0,1,1,0,1,0,0,0,1,0,1,0,0,0,1,LP001002
4583,1508.0,128.0,360.0,1.0,0,4.852030263919617,0,1,0,1,0,1,0,0,1,0,1,0,1,0,0,LP001003
3000,0.0,66.0,360.0,1.0,1,4.189654742026425,0,1,0,1,1,0,0,0,1,0,0,1,0,0,1,LP001005
2583,2358.0,120.0,360.0,1.0,1,4.787491742782046,0,1,0,1,1,0,0,0,0,1,1,0,0,0,1,LP001006
6000,0.0,141.0,360.0,1.0,1,4.948759890378168,0,1,1,0,1,0,0,0,1,0,1,0,0,0,1,LP001008
5417,4196.0,267.0,360.0,1.0,1,5.58724865840025,0,1,0,1,0,0,1,0,1,0,0,1,0,0,1,LP001011
2333,1516.0,95.0,360.0,1.0,1,4.553876891600541,0,1,0,1,1,0,0,0,0,1,1,0,0,0,1,LP001013
3036,2504.0,158.0,360.0,0.0,0,5.062595033026967,0,1,0,1,0,0,0,1,1,0,1,0,0,1,0,LP001014
4006,1526.0,168.0,360.0,1.0,1,5.123963979403259,0,1,0,1,0,0,1,0,1,0,1,0,0,0,1,LP001018
12841,10968.0,349.0,360.0,1.0,0,5.855071922202427,0,1,0,1,0,1,0,0,1,0,1,0,0,1,0,LP001020
3200,700.0,70.0,360.0,1.0,1,4.248495242049359,0,1,0,1,0,0,1,0,1,0,1,0,0,0,1,LP001024
2500,1840.0,109.0,360.0,1.0,1,4.6913478822291435,0,1,0,1,0,0,1,0,1,0,1,0,0,0,1,LP001027
3073,8106.0,200.0,360.0,1.0,1,5.298317366548036,0,1,0,1,0,0,1,0,1,0,1,0,0,0,1,LP001028
1853,2840.0,114.0,360.0,1.0,0,4.736198448394496,0,1,1,0,1,0,0,0,1,0,1,0,1,0,0,LP001029
1299,1086.0,17.0,120.0,1.0,1,2.833213344056216,0,1,0,1,0,0,1,0,1,0,1,0,0,0,1,LP001030
4950,0.0,125.0,360.0,1.0,1,4.8283137373023015,0,1,1,0,1,0,0,0,1,0,1,0,0,0,1,LP001032
3596,0.0,100.0,240.0,1.0,1,4.605170185988092,0,1,1,0,0,1,0,0,0,1,1,0,0,0,1,LP001034
3510,0.0,76.0,360.0,0.0,0,4.330733340286331,1,0,1,0,1,0,0,0,1,0,1,0,0,0,1,LP001036
4887,0.0,133.0,360.0,1.0,0,4.890349128221754,0,1,0,1,1,0,0,0,0,1,1,0,1,0,0,LP001038
2600,3500.0,115.0,360.0,1.0,1,4.74493212836325,0,1,0,1,1,0,0,0,1,0,1,0,0,0,1,LP001041
7660,0.0,104.0,360.0,0.0,0,4.6443908991413725,0,1,0,1,1,0,0,0,0,1,1,0,0,0,1,LP001043
5955,5625.0,315.0,360.0,1.0,1,5.752572638825633,0,1,0,1,0,1,0,0,1,0,1,0,0,0,1,LP001046
2600,1911.0,116.0,360.0,0.0,0,4.7535901911063645,0,1,0,1,1,0,0,0,0,1,1,0,0,1,0,LP001047
3365,1917.0,112.0,360.0,0.0,0,4.718498871295094,0,1,0,1,0,0,1,0,0,1,1,0,1,0,0,LP001050
3717,2925.0,151.0,360.0,1.0,0,5.017279836814924,0,1,0,1,0,1,0,0,1,0,1,0,0,1,0,LP001052
9560,0.0,191.0,360.0,1.0,1,5.25227342804663,0,1,0,1,1,0,0,0,1,0,0,1,0,1,0,LP001066
2799,2253.0,122.0,360.0,1.0,1,4.804021044733257,0,1,0,1,1,0,0,0,1,0,1,0,0,1,0,LP001068
4226,1040.0,110.0,360.0,1.0,1,4.700480365792417,0,1,0,1,0,0,1,0,0,1,1,0,0,0,1,LP001073
1442,0.0,35.0,360.0,1.0,0,3.5553480614894135,0,1,1,0,1,0,0,0,0,1,1,0,0,0,1,LP001086
3750,2083.0,120.0,360.0,1.0,1,4.787491742782046,1,0,1,0,0,0,1,0,1,0,1,0,0,1,0,LP001087
4166,3369.0,201.0,360.0,1.0,0,5.303304908059076,0,1,0,1,0,1,0,0,1,0,1,0,0,0,1,LP001091
3167,0.0,74.0,360.0,1.0,0,4.30406509320417,0,1,1,0,1,0,0,0,1,0,1,0,0,0,1,LP001095
4692,0.0,106.0,360.0,1.0,0,4.663439094112067,0,1,1,0,0,1,0,0,1,0,0,1,1,0,0,LP001097
3500,1667.0,114.0,360.0,1.0,1,4.736198448394496,0,1,0,1,1,0,0,0,1,0,1,0,0,1,0,LP001098
12500,3000.0,320.0,360.0,1.0,0,5.768320995793772,0,1,1,0,0,0,0,1,1,0,1,0,1,0,0,LP001100
2275,2067.0,128.0,360.0,1.0,1,4.852030263919617,0,1,0,1,1,0,0,0,1,0,1,0,0,0,1,LP001106
1828,1330.0,100.0,360.0,0.0,0,4.605170185988092,0,1,0,1,1,0,0,0,1,0,1,0,0,0,1,LP001109
3667,1459.0,144.0,360.0,1.0,1,4.969813299576001,1,0,0,1,1,0,0,0,1,0,1,0,0,1,0,LP001112
4166,7210.0,184.0,360.0,1.0,1,5.214935757608986,0,1,1,0,1,0,0,0,1,0,1,0,0,0,1,LP001114
3748,1668.0,110.0,360.0,1.0,1,4.700480365792417,0,1,1,0,1,0,0,0,0,1,1,0,0,1,0,LP001116
3600,0.0,80.0,360.0,1.0,0,4.382026634673881,0,1,1,0,1,0,0,0,1,0,1,0,0,0,1,LP001119
1800,1213.0,47.0,360.0,1.0,1,3.8501476017100584,0,1,1,0,1,0,0,0,1,0,1,0,0,0,1,LP001120
2400,0.0,75.0,360.0,1.0,1,4.31748811353631,0,1,0,1,1,0,0,0,1,0,1,0,0,0,1,LP001123
3941,2336.0,134.0,360.0,1.0,1,4.897839799950911,0,1,0,1,1,0,0,0,1,0,1,0,0,1,0,LP001131
4695,0.0,96.0,360.0,1.0,1,4.564348191467836,0,1,0,1,1,0,0,0,0,1,0,1,0,0,1,LP001136
3410,0.0,88.0,360.0,1.0,1,4.477336814478207,1,0,1,0,1,0,0,0,1,0,1,0,0,0,1,LP001137
5649,0.0,44.0,360.0,1.0,1,3.784189633918261,0,1,0,1,0,1,0,0,1,0,1,0,0,0,1,LP001138
5821,0.0,144.0,360.0,1.0,1,4.969813299576001,0,1,0,1,1,0,0,0,1,0,1,0,0,0,1,LP001144
2645,3440.0,120.0,360.0,0.0,0,4.787491742782046,1,0,0,1,1,0,0,0,1,0,1,0,0,0,1,LP001146
4000,2275.0,144.0,360.0,1.0,1,4.969813299576001,1,0,1,0,1,0,0,0,1,0,1,0,0,1,0,LP001151
1928,1644.0,100.0,360.0,1.0,1,4.605170185988092,1,0,0,1,1,0,0,0,0,1,1,0,0,1,0,LP001155
3086,0.0,120.0,360.0,1.0,1,4.787491742782046,1,0,1,0,1,0,0,0,1,0,1,0,0,1,0,LP001157
4230,0.0,112.0,360.0,1.0,0,4.718498871295094,1,0,1,0,1,0,0,0,1,0,1,0,0,1,0,LP001164
4616,0.0,134.0,360.0,1.0,0,4.897839799950911,0,1,0,1,0,0,1,0,1,0,1,0,0,0,1,LP001179
11500,0.0,286.0,360.0,0.0,0,5.655991810819852,1,0,0,1,0,1,0,0,1,0,0,1,0,0,1,LP001186
2708,1167.0,97.0,360.0,1.0,1,4.574710978503383,0,1,0,1,0,0,1,0,1,0,1,0,0,1,0,LP001194
2132,1591.0,96.0,360.0,1.0,1,4.564348191467836,0,1,0,1,1,0,0,0,1,0,1,0,0,1,0,LP001195
3366,2200.0,135.0,360.0,1.0,0,4.90527477843843,0,1,0,1,1,0,0,0,1,0,1,0,1,0,0,LP001197
8080,2250.0,180.0,360.0,1.0,1,5.19295685089021,0,1,0,1,0,1,0,0,1,0,1,0,0,0,1,LP001198
3357,2859.0,144.0,360.0,1.0,1,4.969813299576001,0,1,0,1,0,0,1,0,0,1,1,0,0,0,1,LP001199
2500,3796.0,120.0,360.0,1.0,1,4.787491742782046,0,1,0,1,1,0,0,0,1,0,1,0,0,0,1,LP001205
3029,0.0,99.0,360.0,1.0,1,4.59511985013459,0,1,0,1,0,0,0,1,1,0,1,0,0,0,1,LP001206
2609,3449.0,165.0,180.0,0.0,0,5.10594547390058,0,1,0,1,1,0,0,0,0,1,0,1,1,0,0,LP001207
4945,0.0,128.0,360.0,0.0,0,4.852030263919617,0,1,0,1,0,1,0,0,1,0,1,0,1,0,0,LP001213
4166,0.0,116.0,360.0,0.0,0,4.7535901911063645,1,0,1,0,1,0,0,0,1,0,1,0,0,1,0,LP001222
5726,4595.0,258.0,360.0,1.0,0,5.552959584921617,0,1,0,1,1,0,0,0,1,0,1,0,0,1,0,LP001225
3200,2254.0,126.0,180.0,0.0,0,4.836281906951478,0,1,1,0,1,0,0,0,0,1,1,0,0,0,1,LP001228
10750,0.0,312.0,360.0,1.0,1,5.7430031878094825,0,1,0,1,0,1,0,0,1,0,1,0,0,0,1,LP001233
7100,0.0,125.0,60.0,1.0,1,4.8283137373023015,0,1,0,1,0,0,0,1,0,1,0,1,0,0,1,LP001238
4300,0.0,136.0,360.0,0.0,0,4.912654885736052,1,0,1,0,1,0,0,0,1,0,1,0,0,1,0,LP001241
3208,3066.0,172.0,360.0,1.0,1,5.147494476813453,0,1,0,1,1,0,0,0,1,0,1,0,0,0,1,LP001243
1875,1875.0,97.0,360.0,1.0,1,4.574710978503383,0,1,0,1,0,0,1,0,0,1,0,1,0,1,0,LP001245
3500,0.0,81.0,300.0,1.0,1,4.394449154672439,0,1,1,0,1,0,0,0,1,0,1,0,0,1,0,LP001248
4755,0.0,95.0,360.0,0.0,0,4.553876891600541,0,1,0,1,0,0,0,1,0,1,1,0,0,1,0,LP001250
5266,1774.0,187.0,360.0,1.0,1,5.231108616854587,0,1,0,1,0,0,0,1,1,0,0,1,0,1,0,LP001253
3750,0.0,113.0,480.0,1.0,0,4.727387818712341,0,1,1,0,1,0,0,0,1,0,1,0,0,0,1,LP001255
3750,4750.0,176.0,360.0,1.0,0,5.170483995038151,0,1,1,0,1,0,0,0,1,0,1,0,0,0,1,LP001256
1000,3022.0,110.0,360.0,1.0,0,4.700480365792417,0,1,0,1,0,1,0,0,1,0,0,1,0,0,1,LP001259
3167,4000.0,180.0,300.0,0.0,0,5.19295685089021,0,1,0,1,0,0,0,1,1,0,1,0,0,1,0,LP001263
3333,2166.0,130.0,360.0,1.0,1,4.867534450455582,0,1,0,1,0,0,0,1,0,1,0,1,0,1,0,LP001264
3846,0.0,111.0,360.0,1.0,1,4.709530201312334,1,0,1,0,1,0,0,0,1,0,1,0,0,1,0,LP001265
2395,0.0,128.0,360.0,1.0,1,4.852030263919617,0,1,0,1,0,1,0,0,1,0,0,1,0,1,0,LP001266
1378,1881.0,167.0,360.0,1.0,0,5.117993812416755,1,0,0,1,0,0,1,0,1,0,1,0,0,0,1,LP001267
6000,2250.0,265.0,360.0,1.0,0,5.579729825986222,0,1,0,1,1,0,0,0,1,0,1,0,0,1,0,LP001273
3988,0.0,50.0,240.0,1.0,1,3.912023005428146,0,1,0,1,0,1,0,0,1,0,1,0,0,0,1,LP001275
2366,2531.0,136.0,360.0,1.0,1,4.912654885736052,0,1,1,0,1,0,0,0,1,0,1,0,0,1,0,LP001279
3333,2000.0,99.0,360.0,1.0,1,4.59511985013459,0,1,0,1,0,0,1,0,0,1,1,0,0,1,0,LP001280
2500,2118.0,104.0,360.0,1.0,1,4.6443908991413725,0,1,0,1,1,0,0,0,1,0,1,0,0,1,0,LP001282
8566,0.0,210.0,360.0,1.0,1,5.3471075307174685,0,1,1,0,1,0,0,0,1,0,1,0,0,0,1,LP001289
5695,4167.0,175.0,360.0,1.0,1,5.1647859739235145,0,1,0,1,1,0,0,0,1,0,1,0,0,1,0,LP001310
2958,2900.0,131.0,360.0,1.0,1,4.875197323201151,0,1,0,1,1,0,0,0,1,0,1,0,0,1,0,LP001316
6250,5654.0,188.0,180.0,1.0,1,5.236441962829949,0,1,0,1,0,0,1,0,1,0,1,0,0,1,0,LP001318
3273,1820.0,81.0,360.0,1.0,1,4.394449154672439,0,1,0,1,0,0,1,0,0,1,1,0,0,0,1,LP001319
4133,0.0,122.0,360.0,1.0,1,4.804021044733257,0,1,1,0,1,0,0,0,1,0,1,0,0,1,0,LP001322
3620,0.0,25.0,120.0,1.0,1,3.2188758248682006,0,1,1,0,1,0,0,0,0,1,1,0,0,1,0,LP001325
6782,0.0,128.0,360.0,1.0,0,4.852030263919617,0,1,1,0,1,0,0,0,1,0,1,0,0,0,1,LP001326
2484,2302.0,137.0,360.0,1.0,1,4.919980925828125,1,0,0,1,1,0,0,0,1,0,1,0,0,1,0,LP001327
1977,997.0,50.0,360.0,1.0,1,3.912023005428146,0,1,0,1,1,0,0,0,1,0,1,0,0,1,0,LP001333
4188,0.0,115.0,180.0,1.0,1,4.74493212836325,0,1,0,1,1,0,0,0,0,1,1,0,0,1,0,LP001334
1759,3541.0,131.0,360.0,1.0,1,4.875197323201151,0,1,0,1,1,0,0,0,1,0,1,0,0,1,0,LP001343
4288,3263.0,133.0,180.0,1.0,1,4.890349128221754,0,1,0,1,0,0,1,0,0,1,1,0,0,0,1,LP001345
4843,3806.0,151.0,360.0,1.0,1,5.017279836814924,0,1,1,0,1,0,0,0,1,0,1,0,0,1,0,LP001349
13650,0.0,128.0,360.0,1.0,1,4.852030263919617,0,1,0,1,1,0,0,0,1,0,1,0,0,0,1,LP001350
4652,3583.0,128.0,360.0,1.0,1,4.852030263919617,0,1,0,1,1,0,0,0,1,0,1,0,0,1,0,LP001356
3816,754.0,160.0,360.0,1.0,1,5.075173815233827,0,1,0,1,1,0,0,0,1,0,1,0,0,0,1,LP001357
3052,1030.0,100.0,360.0,1.0,1,4.605170185988092,0,1,0,1,0,1,0,0,1,0,1,0,0,0,1,LP001367
11417,1126.0,225.0,360.0,1.0,1,5.41610040220442,0,1,0,1,0,0,1,0,1,0,1,0,0,0,1,LP001369
7333,0.0,120.0,360.0,1.0,0,4.787491742782046,0,1,1,0,1,0,0,0,0,1,1,0,1,0,0,LP001370
3800,3600.0,216.0,360.0,0.0,0,5.375278407684165,0,1,0,1,0,0,1,0,1,0,1,0,0,0,1,LP001379
2071,754.0,94.0,480.0,1.0,1,4.543294782270004,0,1,0,1,0,0,0,1,0,1,1,0,0,1,0,LP001384
5316,0.0,136.0,360.0,1.0,1,4.912654885736052,0,1,1,0,1,0,0,0,1,0,1,0,0,0,1,LP001385
2929,2333.0,139.0,360.0,1.0,1,4.9344739331306915,1,0,0,1,1,0,0,0,1,0,1,0,0,1,0,LP001387
3572,4114.0,152.0,360.0,0.0,0,5.0238805208462765,0,1,0,1,1,0,0,0,0,1,1,0,1,0,0,LP001391
7451,0.0,128.0,360.0,1.0,1,4.852030263919617,1,0,1,0,0,1,0,0,1,0,0,1,0,1,0,LP001392
5050,0.0,118.0,360.0,1.0,1,4.770684624465665,0,1,1,0,1,0,0,0,1,0,1,0,0,1,0,LP001398
14583,0.0,185.0,180.0,1.0,1,5.220355825078324,0,1,0,1,0,1,0,0,1,0,1,0,1,0,0,LP001401
3167,2283.0,154.0,360.0,1.0,1,5.0369526024136295,1,0,0,1,1,0,0,0,1,0,1,0,0,1,0,LP001404
2214,1398.0,85.0,360.0,1.0,1,4.442651256490317,0,1,0,1,0,1,0,0,1,0,1,0,0,0,1,LP001405
5568,2142.0,175.0,360.0,1.0,0,5.1647859739235145,0,1,0,1,1,0,0,0,1,0,1,0,1,0,0,LP001421
10408,0.0,259.0,360.0,1.0,1,5.556828061699537,1,0,1,0,1,0,0,0,1,0,1,0,0,0,1,LP001422
5667,2667.0,180.0,360.0,1.0,1,5.19295685089021,0,1,0,1,1,0,0,0,1,0,1,0,1,0,0,LP001426
4166,0.0,44.0,360.0,1.0,1,3.784189633918261,1,0,1,0,1,0,0,0,1,0,1,0,0,1,0,LP001430
2137,8980.0,137.0,360.0,0.0,1,4.919980925828125,1,0,1,0,1,0,0,0,1,0,1,0,0,1,0,LP001431
2957,0.0,81.0,360.0,1.0,1,4.394449154672439,0,1,0,1,0,0,1,0,1,0,1,0,0,1,0,LP001432
4300,2014.0,194.0,360.0,1.0,1,5.267858159063328,0,1,0,1,1,0,0,0,0,1,1,0,1,0,0,LP001439
3692,0.0,93.0,360.0,1.0,1,4.532599493153256,1,0,1,0,1,0,0,0,1,0,1,0,1,0,0,LP001443
23803,0.0,370.0,360.0,1.0,1,5.91350300563827,0,1,0,1,0,0,0,1,1,0,1,0,1,0,0,LP001448
3865,1640.0,128.0,360.0,1.0,1,4.852030263919617,0,1,1,0,1,0,0,0,1,0,1,0,1,0,0,LP001449
10513,3850.0,160.0,180.0,0.0,0,5.075173815233827,0,1,0,1,0,1,0,0,1,0,0,1,0,0,1,LP001451
6080,2569.0,182.0,360.0,1.0,0,5.204006687076795,0,1,0,1,1,0,0,0,1,0,1,0,1,0,0,LP001465
20166,0.0,650.0,480.0,1.0,1,6.476972362889683,0,1,1,0,1,0,0,0,1,0,0,1,0,0,1,LP001469
2014,1929.0,74.0,360.0,1.0,1,4.30406509320417,0,1,1,0,1,0,0,0,1,0,1,0,0,0,1,LP001473
2718,0.0,70.0,360.0,1.0,1,4.248495242049359,0,1,1,0,1,0,0,0,1,0,1,0,0,1,0,LP001478
3459,0.0,25.0,120.0,1.0,1,3.2188758248682006,0,1,0,1,1,0,0,0,1,0,0,1,0,1,0,LP001482
4895,0.0,102.0,360.0,1.0,1,4.624972813284271,0,1,1,0,1,0,0,0,1,0,1,0,0,1,0,LP001487
4000,7750.0,290.0,360.0,1.0,0,5.66988092298052,0,1,0,1,0,0,0,1,1,0,1,0,0,1,0,LP001488
4583,0.0,84.0,360.0,1.0,0,4.430816798843313,1,0,0,1,1,0,0,0,1,0,1,0,1,0,0,LP001489
3316,3500.0,88.0,360.0,1.0,1,4.477336814478207,0,1,0,1,0,0,1,0,1,0,0,1,0,0,1,LP001491
14999,0.0,242.0,360.0,0.0,0,5.488937726156687,0,1,1,0,1,0,0,0,1,0,1,0,0,1,0,LP001492
4200,1430.0,129.0,360.0,1.0,0,4.859812404361672,0,1,0,1,0,0,1,0,0,1,1,0,1,0,0,LP001493
5042,2083.0,185.0,360.0,1.0,0,5.220355825078324,0,1,0,1,0,0,1,0,1,0,1,0,1,0,0,LP001497
5417,0.0,168.0,360.0,1.0,1,5.123963979403259,0,1,1,0,1,0,0,0,1,0,1,0,0,0,1,LP001498
6950,0.0,175.0,180.0,1.0,1,5.1647859739235145,0,1,1,0,1,0,0,0,1,0,0,1,0,1,0,LP001504
2698,2034.0,122.0,360.0,1.0,1,4.804021044733257,0,1,0,1,1,0,0,0,1,0,1,0,0,1,0,LP001507
11757,0.0,187.0,180.0,1.0,1,5.231108616854587,0,1,0,1,0,0,1,0,1,0,1,0,0,0,1,LP001508
2330,4486.0,100.0,360.0,1.0,1,4.605170185988092,1,0,0,1,1,0,0,0,1,0,1,0,0,1,0,LP001514
14866,0.0,70.0,360.0,1.0,1,4.248495242049359,1,0,0,1,0,0,1,0,1,0,1,0,0,0,1,LP001516
1538,1425.0,30.0,360.0,1.0,1,3.4011973816621555,0,1,0,1,0,1,0,0,1,0,1,0,0,0,1,LP001518
10000,1666.0,225.0,360.0,1.0,0,5.41610040220442,1,0,1,0,1,0,0,0,1,0,1,0,1,0,0,LP001519
4860,830.0,125.0,360.0,1.0,1,4.8283137373023015,0,1,0,1,1,0,0,0,1,0,1,0,0,1,0,LP001520
6277,0.0,118.0,360.0,0.0,0,4.770684624465665,0,1,1,0,1,0,0,0,1,0,1,0,1,0,0,LP001528
2577,3750.0,152.0,360.0,1.0,1,5.0238805208462765,0,1,0,1,1,0,0,0,1,0,0,1,1,0,0,LP001529
9166,0.0,244.0,360.0,1.0,0,5.497168225293202,0,1,1,0,1,0,0,0,1,0,1,0,0,0,1,LP001531
2281,0.0,113.0,360.0,1.0,0,4.727387818712341,0,1,0,1,0,0,1,0,0,1,1,0,1,0,0,LP001532
3254,0.0,50.0,360.0,1.0,1,3.912023005428146,0,1,1,0,1,0,0,0,1,0,1,0,0,0,1,LP001535
39999,0.0,600.0,180.0,0.0,1,6.396929655216146,0,1,0,1,0,0,0,1,1,0,1,0,0,1,0,LP001536
6000,0.0,160.0,360.0,1.0,1,5.075173815233827,0,1,0,1,0,1,0,0,1,0,1,0,1,0,0,LP001541
9538,0.0,187.0,360.0,1.0,1,5.231108616854587,0,1,0,1,0,1,0,0,1,0,1,0,0,0,1,LP001543
2980,2083.0,120.0,360.0,1.0,1,4.787491742782046,0,1,1,0,1,0,0,0,1,0,1,0,1,0,0,LP001546
4583,5625.0,255.0,360.0,1.0,1,5.541263545158426,0,1,0,1,1,0,0,0,1,0,1,0,0,1,0,LP001552
1863,1041.0,98.0,360.0,1.0,1,4.584967478670572,0,1,0,1,1,0,0,0,0,1,1,0,0,1,0,LP001560
7933,0.0,275.0,360.0,1.0,0,5.616771097666572,0,1,0,1,1,0,0,0,1,0,1,0,0,0,1,LP001562
3089,1280.0,121.0,360.0,0.0,0,4.795790545596741,0,1,0,1,0,1,0,0,1,0,1,0,0,1,0,LP001565
4167,1447.0,158.0,360.0,1.0,1,5.062595033026967,0,1,0,1,0,0,1,0,1,0,1,0,1,0,0,LP001570
9323,0.0,75.0,180.0,1.0,1,4.31748811353631,0,1,0,1,1,0,0,0,1,0,1,0,0,0,1,LP001572
3707,3166.0,182.0,360.0,1.0,1,5.204006687076795,0,1,0,1,1,0,0,0,1,0,1,0,1,0,0,LP001574
4583,0.0,112.0,360.0,1.0,0,4.718498871295094,1,0,0,1,1,0,0,0,1,0,1,0,1,0,0,LP001577
2439,3333.0,129.0,360.0,1.0,1,4.859812404361672,0,1,0,1,1,0,0,0,1,0,1,0,1,0,0,LP001578
2237,0.0,63.0,480.0,0.0,0,4.143134726391533,0,1,1,0,1,0,0,0,1,0,1,0,0,1,0,LP001579
8000,0.0,200.0,360.0,1.0,1,5.298317366548036,0,1,0,1,0,0,1,0,1,0,1,0,0,1,0,LP001580
1820,1769.0,95.0,360.0,1.0,1,4.553876891600541,0,1,0,1,1,0,0,0,0,1,1,0,1,0,0,LP001581
51763,0.0,700.0,300.0,1.0,1,6.551080335043404,0,1,0,1,0,0,0,1,1,0,1,0,0,0,1,LP001585
3522,0.0,81.0,180.0,1.0,0,4.394449154672439,0,1,0,1,0,0,0,1,0,1,1,0,1,0,0,LP001586
5708,5625.0,187.0,360.0,1.0,1,5.231108616854587,0,1,0,1,1,0,0,0,1,0,1,0,0,1,0,LP001594
4344,736.0,87.0,360.0,1.0,0,4.465908118654584,0,1,0,1,1,0,0,0,0,1,0,1,0,1,0,LP001603
3497,1964.0,116.0,360.0,1.0,1,4.7535901911063645,0,1,0,1,1,0,0,0,1,0,1,0,1,0,0,LP001606
2045,1619.0,101.0,360.0,1.0,1,4.61512051684126,0,1,0,1,0,0,1,0,1,0,1,0,1,0,0,LP001608
5516,11300.0,495.0,360.0,0.0,0,6.20455776256869,0,1,0,1,0,0,0,1,1,0,1,0,0,1,0,LP001610
3750,0.0,116.0,360.0,1.0,1,4.7535901911063645,0,1,0,1,0,1,0,0,1,0,1,0,0,1,0,LP001616
2333,1451.0,102.0,480.0,0.0,0,4.624972813284271,0,1,1,0,1,0,0,0,0,1,1,0,0,0,1,LP001630
6400,7250.0,180.0,360.0,0.0,0,5.19295685089021,0,1,0,1,0,1,0,0,1,0,1,0,0,0,1,LP001633
1916,5063.0,67.0,360.0,1.0,0,4.204692619390966,0,1,1,0,1,0,0,0,1,0,1,0,1,0,0,LP001634
4600,0.0,73.0,180.0,1.0,1,4.290459441148391,0,1,0,1,1,0,0,0,1,0,1,0,0,1,0,LP001636
33846,0.0,260.0,360.0,1.0,0,5.560681631015528,0,1,0,1,0,1,0,0,1,0,1,0,0,1,0,LP001637
3625,0.0,108.0,360.0,1.0,1,4.68213122712422,1,0,0,1,1,0,0,0,1,0,1,0,0,1,0,LP001639
39147,4750.0,120.0,360.0,1.0,1,4.787491742782046,0,1,0,1,1,0,0,0,1,0,0,1,0,1,0,LP001640
2178,0.0,66.0,300.0,0.0,0,4.189654742026425,0,1,0,1,0,1,0,0,1,0,0,1,1,0,0,LP001641
2383,2138.0,58.0,360.0,1.0,1,4.060443010546419,0,1,0,1,1,0,0,0,1,0,1,0,1,0,0,LP001643
674,5296.0,168.0,360.0,1.0,1,5.123963979403259,0,1,0,1,1,0,0,0,1,0,0,1,1,0,0,LP001644
9328,0.0,188.0,180.0,1.0,1,5.236441962829949,0,1,0,1,1,0,0,0,1,0,1,0,1,0,0,LP001647
4885,0.0,48.0,360.0,1.0,1,3.871201010907891,0,1,1,0,1,0,0,0,0,1,1,0,1,0,0,LP001653
12000,0.0,164.0,360.0,1.0,0,5.099866427824199,0,1,1,0,1,0,0,0,1,0,1,0,0,1,0,LP001656
6033,0.0,160.0,360.0,1.0,0,5.075173815233827,0,1,0,1,1,0,0,0,0,1,1,0,0,0,1,LP001657
3858,0.0,76.0,360.0,1.0,1,4.330733340286331,0,1,1,0,1,0,0,0,1,0,1,0,0,1,0,LP001658
4191,0.0,120.0,360.0,1.0,1,4.787491742782046,0,1,1,0,1,0,0,0,1,0,1,0,1,0,0,LP001664
3125,2583.0,170.0,360.0,1.0,0,5.135798437050262,0,1,0,1,0,1,0,0,1,0,1,0,0,1,0,LP001665
8333,3750.0,187.0,360.0,1.0,1,5.231108616854587,0,1,1,0,1,0,0,0,1,0,1,0,1,0,0,LP001666
1907,2365.0,120.0,360.0,1.0,1,4.787491742782046,1,0,1,0,1,0,0,0,0,1,1,0,0,0,1,LP001669
3416,2816.0,113.0,360.0,1.0,1,4.727387818712341,1,0,0,1,1,0,0,0,1,0,1,0,0,1,0,LP001671
11000,0.0,83.0,360.0,1.0,0,4.418840607796598,0,1,1,0,1,0,0,0,1,0,0,1,0,0,1,LP001673
2600,2500.0,90.0,360.0,1.0,1,4.499809670330265,0,1,0,1,0,1,0,0,0,1,1,0,0,1,0,LP001674
4923,0.0,166.0,360.0,0.0,1,5.111987788356544,0,1,1,0,0,0,1,0,1,0,1,0,0,1,0,LP001677
3992,0.0,128.0,180.0,1.0,0,4.852030263919617,0,1,0,1,0,0,0,1,0,1,1,0,0,0,1,LP001682
3500,1083.0,135.0,360.0,1.0,1,4.90527477843843,0,1,0,1,0,1,0,0,0,1,1,0,0,0,1,LP001688
3917,0.0,124.0,360.0,1.0,1,4.820281565605037,0,1,0,1,0,0,1,0,0,1,1,0,0,1,0,LP001691
4408,0.0,120.0,360.0,1.0,1,4.787491742782046,1,0,1,0,1,0,0,0,0,1,1,0,0,1,0,LP001692
3244,0.0,80.0,360.0,1.0,1,4.382026634673881,1,0,1,0,1,0,0,0,1,0,1,0,0,0,1,LP001693
3975,2531.0,55.0,360.0,1.0,1,4.007333185232471,0,1,1,0,1,0,0,0,0,1,1,0,1,0,0,LP001698
2479,0.0,59.0,360.0,1.0,1,4.07753744390572,0,1,1,0,1,0,0,0,1,0,1,0,0,0,1,LP001699
3418,0.0,127.0,360.0,1.0,0,4.844187086458591,0,1,1,0,1,0,0,0,1,0,1,0,0,1,0,LP001702
10000,0.0,214.0,360.0,1.0,0,5.365976015021851,1,0,1,0,1,0,0,0,1,0,1,0,0,1,0,LP001708
3430,1250.0,128.0,360.0,0.0,0,4.852030263919617,0,1,0,1,0,0,0,1,1,0,1,0,0,1,0,LP001711
7787,0.0,240.0,360.0,1.0,1,5.480638923341991,0,1,0,1,0,1,0,0,1,0,0,1,0,0,1,LP001713
5703,0.0,130.0,360.0,1.0,1,4.867534450455582,0,1,0,1,0,0,0,1,0,1,0,1,1,0,0,LP001715
3173,3021.0,137.0,360.0,1.0,1,4.919980925828125,0,1,0,1,1,0,0,0,1,0,1,0,0,0,1,LP001716
3850,983.0,100.0,360.0,1.0,1,4.605170185988092,0,1,0,1,0,0,0,1,0,1,1,0,0,1,0,LP001720
150,1800.0,135.0,360.0,1.0,0,4.90527477843843,0,1,0,1,1,0,0,0,1,0,1,0,1,0,0,LP001722
3727,1775.0,131.0,360.0,1.0,1,4.875197323201151,0,1,0,1,1,0,0,0,1,0,1,0,0,1,0,LP001726
5000,0.0,72.0,360.0,0.0,0,4.276666119016055,0,1,0,1,0,0,1,0,1,0,1,0,0,1,0,LP001732
4283,2383.0,127.0,360.0,1.0,1,4.844187086458591,1,0,0,1,0,0,1,0,1,0,1,0,0,1,0,LP001734
2221,0.0,60.0,360.0,0.0,0,4.0943445622221,0,1,0,1,1,0,0,0,1,0,1,0,0,0,1,LP001736
4009,1717.0,116.0,360.0,1.0,1,4.7535901911063645,0,1,0,1,0,0,1,0,1,0,1,0,0,1,0,LP001743
2971,2791.0,144.0,360.0,1.0,1,4.969813299576001,0,1,1,0,1,0,0,0,1,0,1,0,0,1,0,LP001744
7578,1010.0,175.0,360.0,1.0,1,5.1647859739235145,0,1,0,1,1,0,0,0,1,0,1,0,0,1,0,LP001749
6250,0.0,128.0,360.0,1.0,1,4.852030263919617,0,1,0,1,1,0,0,0,1,0,1,0,0,1,0,LP001750
3250,0.0,170.0,360.0,1.0,0,5.135798437050262,0,1,0,1,1,0,0,0,1,0,1,0,1,0,0,LP001751
4735,0.0,138.0,360.0,1.0,0,4.927253685157205,0,1,0,1,1,0,0,0,0,1,0,1,0,0,1,LP001754
6250,1695.0,210.0,360.0,1.0,1,5.3471075307174685,0,1,0,1,0,0,1,0,1,0,1,0,0,1,0,LP001758
4758,0.0,158.0,480.0,1.0,1,5.062595033026967,0,1,0,1,1,0,0,0,1,0,1,0,0,1,0,LP001760
6400,0.0,200.0,360.0,1.0,1,5.298317366548036,0,1,1,0,1,0,0,0,1,0,0,1,1,0,0,LP001761
2491,2054.0,104.0,360.0,1.0,1,4.6443908991413725,0,1,0,1,0,1,0,0,1,0,1,0,0,1,0,LP001765
3716,0.0,42.0,180.0,1.0,1,3.7376696182833684,0,1,0,1,1,0,0,0,1,0,1,0,1,0,0,LP001768
3189,2598.0,120.0,360.0,1.0,1,4.787491742782046,0,1,1,0,1,0,0,0,0,1,1,0,1,0,0,LP001770
8333,0.0,280.0,360.0,1.0,1,5.634789603169249,1,0,1,0,1,0,0,0,1,0,1,0,0,1,0,LP001776
3155,1779.0,140.0,360.0,1.0,1,4.941642422609304,0,1,0,1,0,1,0,0,1,0,1,0,0,1,0,LP001778
5500,1260.0,170.0,360.0,1.0,1,5.135798437050262,0,1,0,1,0,1,0,0,1,0,1,0,1,0,0,LP001784
5746,0.0,255.0,360.0,1.0,0,5.541263545158426,0,1,0,1,1,0,0,0,1,0,1,0,0,0,1,LP001786
3463,0.0,122.0,360.0,1.0,1,4.804021044733257,1,0,1,0,1,0,0,0,1,0,0,1,0,0,1,LP001788
3812,0.0,112.0,360.0,1.0,1,4.718498871295094,1,0,1,0,0,1,0,0,1,0,1,0,1,0,0,LP001790
3315,0.0,96.0,360.0,1.0,1,4.564348191467836,0,1,0,1,0,1,0,0,1,0,1,0,0,1,0,LP001792
5819,5000.0,120.0,360.0,1.0,1,4.787491742782046,0,1,0,1,0,0,1,0,1,0,1,0,1,0,0,LP001798
2510,1983.0,140.0,180.0,1.0,0,4.941642422609304,0,1,0,1,0,1,0,0,0,1,1,0,0,0,1,LP001800
2965,5701.0,155.0,60.0,1.0,1,5.043425116919247,0,1,1,0,1,0,0,0,1,0,1,0,0,0,1,LP001806
6250,1300.0,108.0,360.0,1.0,1,4.68213122712422,0,1,0,1,0,0,1,0,1,0,0,1,1,0,0,LP001807
3406,4417.0,123.0,360.0,1.0,1,4.812184355372417,0,1,0,1,1,0,0,0,0,1,1,0,0,1,0,LP001811
6050,4333.0,120.0,180.0,1.0,0,4.787491742782046,0,1,1,0,1,0,0,0,1,0,0,1,0,0,1,LP001813
9703,0.0,112.0,360.0,1.0,1,4.718498871295094,0,1,0,1,0,0,1,0,1,0,1,0,0,0,1,LP001814
6608,0.0,137.0,180.0,1.0,1,4.919980925828125,0,1,0,1,0,1,0,0,0,1,1,0,0,0,1,LP001819
2882,1843.0,123.0,480.0,1.0,1,4.812184355372417,0,1,0,1,0,1,0,0,1,0,1,0,0,1,0,LP001824
1809,1868.0,90.0,360.0,1.0,1,4.499809670330265,0,1,0,1,1,0,0,0,1,0,1,0,0,0,1,LP001825
1668,3890.0,201.0,360.0,0.0,0,5.303304908059076,0,1,0,1,1,0,0,0,0,1,1,0,0,1,0,LP001835
3427,0.0,138.0,360.0,1.0,0,4.927253685157205,1,0,1,0,0,0,1,0,1,0,1,0,0,0,1,LP001836
2583,2167.0,104.0,360.0,1.0,1,4.6443908991413725,0,1,1,0,1,0,0,0,0,1,0,1,1,0,0,LP001841
2661,7101.0,279.0,180.0,1.0,1,5.631211781821365,0,1,0,1,0,1,0,0,0,1,1,0,0,1,0,LP001843
16250,0.0,192.0,360.0,0.0,0,5.2574953720277815,0,1,1,0,1,0,0,0,1,0,0,1,0,0,1,LP001844
3083,0.0,255.0,360.0,1.0,1,5.541263545158426,1,0,1,0,0,0,0,1,1,0,1,0,1,0,0,LP001846
6045,0.0,115.0,360.0,0.0,0,4.74493212836325,0,1,1,0,1,0,0,0,0,1,1,0,1,0,0,LP001849
5250,0.0,94.0,360.0,1.0,0,4.543294782270004,0,1,0,1,0,0,0,1,1,0,1,0,0,0,1,LP001854
14683,2100.0,304.0,360.0,1.0,0,5.717027701406222,0,1,0,1,1,0,0,0,1,0,1,0,1,0,0,LP001859
4931,0.0,128.0,360.0,1.0,0,4.852030263919617,0,1,0,1,0,0,0,1,0,1,1,0,0,1,0,LP001864
6083,4250.0,330.0,360.0,1.0,1,5.799092654460526,0,1,0,1,0,1,0,0,1,0,1,0,0,0,1,LP001865
2060,2209.0,134.0,360.0,1.0,1,4.897839799950911,0,1,1,0,1,0,0,0,1,0,1,0,0,1,0,LP001868
3481,0.0,155.0,36.0,1.0,0,5.043425116919247,1,0,1,0,0,1,0,0,1,0,1,0,0,1,0,LP001870
7200,0.0,120.0,360.0,1.0,1,4.787491742782046,1,0,1,0,1,0,0,0,1,0,1,0,1,0,0,LP001871
5166,0.0,128.0,360.0,1.0,1,4.852030263919617,0,1,1,0,1,0,0,0,1,0,0,1,0,1,0,LP001872
4095,3447.0,151.0,360.0,1.0,1,5.017279836814924,0,1,1,0,1,0,0,0,1,0,1,0,1,0,0,LP001875
4708,1387.0,150.0,360.0,1.0,1,5.0106352940962555,0,1,0,1,0,0,1,0,1,0,1,0,0,1,0,LP001877
4333,1811.0,160.0,360.0,0.0,1,5.075173815233827,0,1,0,1,0,0,0,1,1,0,1,0,0,0,1,LP001882
3418,0.0,135.0,360.0,1.0,0,4.90527477843843,1,0,1,0,1,0,0,0,1,0,1,0,1,0,0,LP001883
2876,1560.0,90.0,360.0,1.0,1,4.499809670330265,1,0,1,0,0,1,0,0,1,0,1,0,0,0,1,LP001884
3237,0.0,30.0,360.0,1.0,1,3.4011973816621555,1,0,1,0,1,0,0,0,1,0,1,0,0,0,1,LP001888
11146,0.0,136.0,360.0,1.0,1,4.912654885736052,0,1,0,1,1,0,0,0,1,0,1,0,0,0,1,LP001891
2833,1857.0,126.0,360.0,1.0,1,4.836281906951478,0,1,1,0,1,0,0,0,1,0,1,0,1,0,0,LP001892
2620,2223.0,150.0,360.0,1.0,1,5.0106352940962555,0,1,0,1,1,0,0,0,1,0,1,0,0,1,0,LP001894
3900,0.0,90.0,360.0,1.0,1,4.499809670330265,0,1,0,1,0,0,1,0,1,0,1,0,0,1,0,LP001896
2750,1842.0,115.0,360.0,1.0,1,4.74493212836325,0,1,0,1,0,1,0,0,1,0,1,0,0,1,0,LP001900
3993,3274.0,207.0,360.0,1.0,1,5.332718793265369,0,1,0,1,1,0,0,0,1,0,1,0,0,1,0,LP001903
3103,1300.0,80.0,360.0,1.0,1,4.382026634673881,0,1,0,1,1,0,0,0,1,0,1,0,0,0,1,LP001904
14583,0.0,436.0,360.0,1.0,1,6.077642243349034,0,1,0,1,1,0,0,0,1,0,1,0,0,1,0,LP001907
4100,0.0,124.0,360.0,1.0,1,4.820281565605037,1,0,0,1,1,0,0,0,0,1,1,0,1,0,0,LP001908
4053,2426.0,158.0,360.0,0.0,0,5.062595033026967,0,1,1,0,0,1,0,0,0,1,0,1,0,0,1,LP001910
3927,800.0,112.0,360.0,1.0,1,4.718498871295094,0,1,0,1,1,0,0,0,1,0,1,0,0,1,0,LP001914
2301,985.7999878,78.0,180.0,1.0,1,4.356708826689592,0,1,0,1,0,0,1,0,1,0,1,0,0,0,1,LP001915
1811,1666.0,54.0,360.0,1.0,1,3.9889840465642745,1,0,1,0,1,0,0,0,1,0,1,0,0,0,1,LP001917
20667,0.0,128.0,360.0,1.0,0,4.852030263919617,0,1,0,1,1,0,0,0,1,0,1,0,1,0,0,LP001922
3158,3053.0,89.0,360.0,1.0,1,4.48863636973214,0,1,1,0,1,0,0,0,1,0,1,0,1,0,0,LP001924
2600,1717.0,99.0,300.0,1.0,0,4.59511985013459,1,0,1,0,1,0,0,0,1,0,0,1,0,1,0,LP001925
3704,2000.0,120.0,360.0,1.0,1,4.787491742782046,0,1,0,1,1,0,0,0,1,0,1,0,1,0,0,LP001926
4124,0.0,115.0,360.0,1.0,1,4.74493212836325,1,0,1,0,1,0,0,0,1,0,1,0,0,1,0,LP001931
9508,0.0,187.0,360.0,1.0,1,5.231108616854587,0,1,1,0,1,0,0,0,1,0,1,0,1,0,0,LP001935
3075,2416.0,139.0,360.0,1.0,1,4.9344739331306915,0,1,0,1,1,0,0,0,1,0,1,0,1,0,0,LP001936
4400,0.0,127.0,360.0,0.0,0,4.844187086458591,0,1,0,1,0,0,1,0,1,0,1,0,0,1,0,LP001938
3153,1560.0,134.0,360.0,1.0,1,4.897839799950911,0,1,0,1,0,0,1,0,1,0,1,0,0,0,1,LP001940
5417,0.0,143.0,480.0,0.0,0,4.962844630259907,1,0,1,0,1,0,0,0,1,0,1,0,0,0,1,LP001945
2383,3334.0,172.0,360.0,1.0,1,5.147494476813453,0,1,0,1,1,0,0,0,1,0,1,0,0,1,0,LP001947
4416,1250.0,110.0,360.0,1.0,1,4.700480365792417,0,1,0,1,0,0,0,1,1,0,1,0,0,0,1,LP001949
6875,0.0,200.0,360.0,1.0,1,5.298317366548036,0,1,0,1,0,1,0,0,1,0,1,0,0,1,0,LP001953
4666,0.0,135.0,360.0,1.0,1,4.90527477843843,1,0,0,1,0,1,0,0,1,0,1,0,0,0,1,LP001954
5000,2541.0,151.0,480.0,1.0,0,5.017279836814924,1,0,1,0,1,0,0,0,1,0,1,0,1,0,0,LP001955
2014,2925.0,113.0,360.0,1.0,0,4.727387818712341,0,1,0,1,0,1,0,0,1,0,1,0,0,0,1,LP001963
1800,2934.0,93.0,360.0,0.0,0,4.532599493153256,0,1,0,1,1,0,0,0,0,1,1,0,0,0,1,LP001964
2875,1750.0,105.0,360.0,1.0,1,4.653960350157523,0,1,0,1,1,0,0,0,0,1,1,0,0,1,0,LP001972
5000,0.0,132.0,360.0,1.0,1,4.882801922586371,1,0,1,0,1,0,0,0,1,0,1,0,1,0,0,LP001974
1625,1803.0,96.0,360.0,1.0,1,4.564348191467836,0,1,0,1,0,1,0,0,1,0,1,0,0,0,1,LP001977
4000,2500.0,140.0,360.0,1.0,1,4.941642422609304,0,1,1,0,1,0,0,0,1,0,1,0,1,0,0,LP001978
2000,0.0,128.0,360.0,1.0,0,4.852030263919617,0,1,1,0,1,0,0,0,0,1,1,0,0,0,1,LP001990
3762,1666.0,135.0,360.0,1.0,1,4.90527477843843,1,0,1,0,1,0,0,0,1,0,1,0,1,0,0,LP001993
2400,1863.0,104.0,360.0,0.0,0,4.6443908991413725,1,0,1,0,1,0,0,0,1,0,1,0,0,0,1,LP001994
20233,0.0,480.0,360.0,1.0,0,6.173786103901937,0,1,1,0,1,0,0,0,1,0,1,0,1,0,0,LP001996
7667,0.0,185.0,360.0,1.0,1,5.220355825078324,0,1,0,1,0,0,1,0,0,1,1,0,1,0,0,LP001998
2917,0.0,84.0,360.0,1.0,1,4.430816798843313,1,0,1,0,1,0,0,0,1,0,1,0,0,1,0,LP002002
2927,2405.0,111.0,360.0,1.0,1,4.709530201312334,0,1,1,0,1,0,0,0,0,1,1,0,0,1,0,LP002004
2507,0.0,56.0,360.0,1.0,1,4.02535169073515,1,0,1,0,1,0,0,0,1,0,1,0,1,0,0,LP002006
5746,0.0,144.0,84.0,1.0,1,4.969813299576001,0,1,0,1,0,0,1,0,1,0,0,1,1,0,0,LP002008
2473,1843.0,159.0,360.0,1.0,0,5.0689042022202315,0,1,0,1,1,0,0,0,1,0,1,0,1,0,0,LP002024
3399,1640.0,111.0,180.0,1.0,1,4.709530201312334,0,1,0,1,0,1,0,0,0,1,1,0,0,0,1,LP002031
3717,0.0,120.0,360.0,1.0,1,4.787491742782046,0,1,0,1,0,0,1,0,1,0,1,0,0,1,0,LP002035
2058,2134.0,88.0,360.0,1.0,1,4.477336814478207,0,1,0,1,1,0,0,0,1,0,1,0,0,0,1,LP002036
3541,0.0,112.0,360.0,1.0,1,4.718498871295094,1,0,1,0,0,1,0,0,1,0,1,0,0,1,0,LP002043
10000,0.0,155.0,360.0,1.0,0,5.043425116919247,0,1,0,1,0,1,0,0,1,0,0,1,1,0,0,LP002050
2400,2167.0,115.0,360.0,1.0,1,4.74493212836325,0,1,0,1,1,0,0,0,1,0,1,0,0,1,0,LP002051
4342,189.0,124.0,360.0,1.0,1,4.820281565605037,0,1,0,1,0,0,0,1,1,0,1,0,0,1,0,LP002053
3601,1590.0,128.0,360.0,1.0,1,4.852030263919617,0,1,0,1,0,0,1,0,0,1,1,0,1,0,0,LP002054
3166,2985.0,132.0,360.0,1.0,1,4.882801922586371,1,0,1,0,1,0,0,0,1,0,1,0,1,0,0,LP002055
15000,0.0,300.0,360.0,1.0,1,5.703782474656201,0,1,0,1,0,0,0,1,1,0,1,0,1,0,0,LP002065
8666,4983.0,376.0,360.0,0.0,0,5.929589143389895,0,1,0,1,0,1,0,0,1,0,0,1,1,0,0,LP002067
4917,0.0,130.0,360.0,0.0,1,4.867534450455582,0,1,1,0,1,0,0,0,1,0,1,0,1,0,0,LP002068
5818,2160.0,184.0,360.0,1.0,1,5.214935757608986,0,1,0,1,1,0,0,0,1,0,0,1,0,1,0,LP002082
4333,2451.0,110.0,360.0,1.0,0,4.700480365792417,1,0,0,1,1,0,0,0,1,0,1,0,0,0,1,LP002086
2500,0.0,67.0,360.0,1.0,1,4.204692619390966,1,0,1,0,1,0,0,0,1,0,1,0,0,0,1,LP002087
4384,1793.0,117.0,360.0,1.0,1,4.762173934797756,0,1,1,0,0,1,0,0,1,0,1,0,0,0,1,LP002097
2935,0.0,98.0,360.0,1.0,1,4.584967478670572,0,1,1,0,1,0,0,0,1,0,1,0,0,1,0,LP002098
2833,0.0,71.0,360.0,1.0,1,4.2626798770413155,0,1,1,0,1,0,0,0,1,0,1,0,0,0,1,LP002100
63337,0.0,490.0,180.0,1.0,1,6.194405391104672,0,1,0,1,1,0,0,0,1,0,1,0,0,0,1,LP002101
9833,1833.0,182.0,180.0,1.0,1,5.204006687076795,0,1,0,1,0,1,0,0,1,0,0,1,0,0,1,LP002103
5503,4490.0,70.0,360.0,1.0,1,4.248495242049359,0,1,0,1,1,0,0,0,1,0,0,1,0,1,0,LP002106
5250,688.0,160.0,360.0,1.0,1,5.075173815233827,0,1,0,1,0,1,0,0,1,0,1,0,1,0,0,LP002110
2500,4600.0,176.0,360.0,1.0,1,5.170483995038151,0,1,0,1,0,0,1,0,1,0,0,1,1,0,0,LP002112
1830,0.0,128.0,360.0,0.0,0,4.852030263919617,1,0,1,0,0,0,0,1,0,1,1,0,0,0,1,LP002113
4160,0.0,71.0,360.0,1.0,1,4.2626798770413155,1,0,1,0,1,0,0,0,1,0,1,0,0,1,0,LP002114
2647,1587.0,173.0,360.0,1.0,0,5.153291594497779,0,1,0,1,0,0,0,1,0,1,1,0,1,0,0,LP002115
2378,0.0,46.0,360.0,1.0,0,3.828641396489095,1,0,1,0,1,0,0,0,1,0,1,0,1,0,0,LP002116
4554,1229.0,158.0,360.0,1.0,1,5.062595033026967,0,1,0,1,0,1,0,0,0,1,1,0,0,0,1,LP002119
3173,0.0,74.0,360.0,1.0,1,4.30406509320417,0,1,0,1,0,0,0,1,0,1,1,0,0,1,0,LP002126
2583,2330.0,125.0,360.0,1.0,1,4.8283137373023015,0,1,0,1,0,0,1,0,1,0,1,0,1,0,0,LP002128
2499,2458.0,160.0,360.0,1.0,1,5.075173815233827,0,1,0,1,1,0,0,0,1,0,1,0,0,1,0,LP002129
3523,3230.0,152.0,360.0,0.0,0,5.0238805208462765,0,1,0,1,1,0,0,0,0,1,1,0,1,0,0,LP002130
3083,2168.0,126.0,360.0,1.0,1,4.836281906951478,0,1,0,1,0,0,1,0,0,1,1,0,0,0,1,LP002131
6333,4583.0,259.0,360.0,1.0,1,5.556828061699537,0,1,0,1,1,0,0,0,1,0,1,0,0,1,0,LP002137
2625,6250.0,187.0,360.0,1.0,1,5.231108616854587,0,1,0,1,1,0,0,0,1,0,1,0,1,0,0,LP002138
9083,0.0,228.0,360.0,1.0,1,5.429345628954441,0,1,0,1,1,0,0,0,1,0,1,0,0,1,0,LP002139
8750,4167.0,308.0,360.0,1.0,0,5.730099782973574,0,1,1,0,1,0,0,0,1,0,1,0,1,0,0,LP002140
2666,2083.0,95.0,360.0,1.0,1,4.553876891600541,0,1,0,1,0,0,0,1,1,0,1,0,1,0,0,LP002141
5500,0.0,105.0,360.0,0.0,0,4.653960350157523,1,0,0,1,1,0,0,0,1,0,0,1,1,0,0,LP002142
2423,505.0,130.0,360.0,1.0,1,4.867534450455582,1,0,0,1,1,0,0,0,1,0,1,0,0,1,0,LP002143
3813,0.0,116.0,180.0,1.0,1,4.7535901911063645,1,0,1,0,1,0,0,0,1,0,1,0,0,0,1,LP002144
8333,3167.0,165.0,360.0,1.0,1,5.10594547390058,0,1,0,1,0,0,1,0,1,0,1,0,1,0,0,LP002149
3875,0.0,67.0,360.0,1.0,0,4.204692619390966,0,1,0,1,0,1,0,0,1,0,1,0,0,0,1,LP002151
3000,1666.0,100.0,480.0,0.0,0,4.605170185988092,0,1,0,1,1,0,0,0,0,1,1,0,0,0,1,LP002158
5167,3167.0,200.0,360.0,1.0,1,5.298317366548036,0,1,0,1,0,0,0,1,1,0,1,0,0,1,0,LP002160
4723,0.0,81.0,360.0,1.0,0,4.394449154672439,1,0,1,0,0,1,0,0,1,0,1,0,0,1,0,LP002161
5000,3667.0,236.0,360.0,1.0,1,5.4638318050256105,0,1,0,1,0,0,1,0,1,0,1,0,0,1,0,LP002170
4750,2333.0,130.0,360.0,1.0,1,4.867534450455582,0,1,0,1,1,0,0,0,1,0,1,0,0,0,1,LP002175
3013,3033.0,95.0,300.0,1.0,1,4.553876891600541,0,1,0,1,1,0,0,0,1,0,1,0,0,0,1,LP002178
6822,0.0,141.0,360.0,1.0,1,4.948759890378168,0,1,1,0,1,0,0,0,1,0,0,1,1,0,0,LP002180
6216,0.0,133.0,360.0,1.0,0,4.890349128221754,0,1,1,0,1,0,0,0,0,1,1,0,1,0,0,LP002181
2500,0.0,96.0,480.0,1.0,0,4.564348191467836,0,1,1,0,1,0,0,0,1,0,1,0,0,1,0,LP002187
5124,0.0,124.0,360.0,0.0,0,4.820281565605037,0,1,1,0,1,0,0,0,1,0,1,0,1,0,0,LP002188
6325,0.0,175.0,360.0,1.0,1,5.1647859739235145,0,1,0,1,0,1,0,0,1,0,1,0,0,1,0,LP002190
19730,5266.0,570.0,360.0,1.0,0,6.345636360828596,0,1,0,1,1,0,0,0,1,0,1,0,1,0,0,LP002191
15759,0.0,55.0,360.0,1.0,1,4.007333185232471,1,0,1,0,1,0,0,0,1,0,0,1,0,1,0,LP002194
5185,0.0,155.0,360.0,1.0,1,5.043425116919247,0,1,0,1,0,0,1,0,1,0,1,0,0,1,0,LP002197
9323,7873.0,380.0,300.0,1.0,1,5.940171252720432,0,1,0,1,0,0,1,0,1,0,0,1,1,0,0,LP002201
3062,1987.0,111.0,180.0,0.0,0,4.709530201312334,0,1,1,0,0,1,0,0,1,0,1,0,0,0,1,LP002205
2764,1459.0,110.0,360.0,1.0,1,4.700480365792417,1,0,1,0,1,0,0,0,1,0,1,0,0,0,1,LP002209
4817,923.0,120.0,180.0,1.0,1,4.787491742782046,0,1,0,1,1,0,0,0,1,0,1,0,0,0,1,LP002211
8750,4996.0,130.0,360.0,1.0,1,4.867534450455582,0,1,0,1,0,0,0,1,1,0,1,0,1,0,0,LP002219
4310,0.0,130.0,360.0,1.0,1,4.867534450455582,0,1,0,1,1,0,0,0,1,0,1,0,0,1,0,LP002223
3069,0.0,71.0,480.0,1.0,0,4.2626798770413155,0,1,1,0,1,0,0,0,1,0,1,0,0,0,1,LP002224
5391,0.0,130.0,360.0,1.0,1,4.867534450455582,0,1,0,1,0,0,1,0,1,0,1,0,0,0,1,LP002225
3333,2500.0,128.0,360.0,1.0,1,4.852030263919617,0,1,0,1,1,0,0,0,1,0,1,0,0,1,0,LP002226
5941,4232.0,296.0,360.0,1.0,1,5.69035945432406,0,1,1,0,1,0,0,0,1,0,1,0,0,1,0,LP002229
6000,0.0,156.0,360.0,1.0,1,5.049856007249537,1,0,1,0,1,0,0,0,1,0,1,0,0,0,1,LP002231
7167,0.0,128.0,360.0,1.0,1,4.852030263919617,0,1,1,0,1,0,0,0,1,0,0,1,0,0,1,LP002234
4566,0.0,100.0,360.0,1.0,0,4.605170185988092,0,1,0,1,0,0,1,0,1,0,1,0,0,0,1,LP002236
3667,0.0,113.0,180.0,1.0,1,4.727387818712341,0,1,1,0,0,1,0,0,1,0,1,0,0,0,1,LP002237
2346,1600.0,132.0,360.0,1.0,1,4.882801922586371,0,1,1,0,1,0,0,0,0,1,1,0,0,1,0,LP002239
3010,3136.0,128.0,360.0,0.0,0,4.852030263919617,0,1,0,1,1,0,0,0,0,1,1,0,0,0,1,LP002243
2333,2417.0,136.0,360.0,1.0,1,4.912654885736052,0,1,0,1,1,0,0,0,1,0,1,0,0,0,1,LP002244
5488,0.0,125.0,360.0,1.0,1,4.8283137373023015,0,1,0,1,1,0,0,0,1,0,1,0,1,0,0,LP002250
9167,0.0,185.0,360.0,1.0,1,5.220355825078324,0,1,1,0,0,0,0,1,1,0,1,0,1,0,0,LP002255
9504,0.0,275.0,360.0,1.0,1,5.616771097666572,0,1,0,1,0,0,0,1,1,0,1,0,1,0,0,LP002262
2583,2115.0,120.0,360.0,1.0,1,4.787491742782046,0,1,0,1,1,0,0,0,1,0,1,0,0,0,1,LP002263
1993,1625.0,113.0,180.0,1.0,1,4.727387818712341,0,1,0,1,0,0,1,0,0,1,1,0,0,1,0,LP002265
3100,1400.0,113.0,360.0,1.0,1,4.727387818712341,0,1,0,1,0,0,1,0,1,0,1,0,0,0,1,LP002266
3276,484.0,135.0,360.0,1.0,1,4.90527477843843,0,1,0,1,0,0,1,0,1,0,1,0,0,1,0,LP002272
3180,0.0,71.0,360.0,0.0,0,4.2626798770413155,1,0,1,0,1,0,0,0,1,0,1,0,0,0,1,LP002277
3033,1459.0,95.0,360.0,1.0,1,4.553876891600541,0,1,0,1,1,0,0,0,1,0,1,0,0,0,1,LP002281
3902,1666.0,109.0,360.0,1.0,1,4.6913478822291435,0,1,1,0,1,0,0,0,0,1,1,0,1,0,0,LP002284
1500,1800.0,103.0,360.0,0.0,0,4.634728988229636,1,0,1,0,1,0,0,0,1,0,1,0,0,1,0,LP002287
2889,0.0,45.0,180.0,0.0,0,3.8066624897703196,0,1,0,1,0,0,1,0,0,1,1,0,0,0,1,LP002288
2755,0.0,65.0,300.0,1.0,0,4.174387269895637,0,1,1,0,1,0,0,0,0,1,1,0,1,0,0,LP002296
2500,20000.0,103.0,360.0,1.0,1,4.634728988229636,0,1,1,0,1,0,0,0,1,0,1,0,0,1,0,LP002297
1963,0.0,53.0,360.0,1.0,1,3.970291913552122,1,0,1,0,1,0,0,0,0,1,1,0,0,1,0,LP002300
7441,0.0,194.0,360.0,1.0,0,5.267858159063328,1,0,1,0,1,0,0,0,1,0,0,1,1,0,0,LP002301
4547,0.0,115.0,360.0,1.0,1,4.74493212836325,1,0,1,0,1,0,0,0,1,0,1,0,0,1,0,LP002305
2167,2400.0,115.0,360.0,1.0,1,4.74493212836325,0,1,0,1,1,0,0,0,0,1,1,0,0,0,1,LP002308
2213,0.0,66.0,360.0,1.0,1,4.189654742026425,1,0,1,0,1,0,0,0,0,1,1,0,1,0,0,LP002314
8300,0.0,152.0,300.0,0.0,0,5.0238805208462765,0,1,0,1,0,1,0,0,1,0,1,0,0,1,0,LP002315
81000,0.0,360.0,360.0,0.0,0,5.886104031450156,0,1,0,1,0,0,0,1,1,0,1,0,1,0,0,LP002317
3867,0.0,62.0,360.0,1.0,0,4.127134385045092,1,0,1,0,0,1,0,0,0,1,0,1,0,1,0,LP002318
6256,0.0,160.0,360.0,1.0,1,5.075173815233827,0,1,0,1,1,0,0,0,1,0,1,0,0,0,1,LP002319
6096,0.0,218.0,360.0,0.0,0,5.384495062789089,0,1,0,1,1,0,0,0,0,1,1,0,1,0,0,LP002328
2253,2033.0,110.0,360.0,1.0,1,4.700480365792417,0,1,0,1,1,0,0,0,0,1,1,0,1,0,0,LP002332
2149,3237.0,178.0,360.0,0.0,0,5.181783550292085,1,0,0,1,1,0,0,0,0,1,1,0,0,1,0,LP002335
2995,0.0,60.0,360.0,1.0,1,4.0943445622221,1,0,1,0,1,0,0,0,1,0,1,0,0,0,1,LP002337
2600,0.0,160.0,360.0,1.0,0,5.075173815233827,1,0,1,0,0,1,0,0,1,0,1,0,0,0,1,LP002341
1600,20000.0,239.0,360.0,1.0,0,5.476463551931511,0,1,0,1,0,0,1,0,1,0,0,1,0,0,1,LP002342
1025,2773.0,112.0,360.0,1.0,1,4.718498871295094,0,1,0,1,1,0,0,0,1,0,1,0,1,0,0,LP002345
3246,1417.0,138.0,360.0,1.0,1,4.927253685157205,0,1,0,1,1,0,0,0,1,0,1,0,0,1,0,LP002347
5829,0.0,138.0,360.0,1.0,1,4.927253685157205,0,1,0,1,1,0,0,0,1,0,1,0,1,0,0,LP002348
2720,0.0,80.0,360.0,0.0,0,4.382026634673881,1,0,1,0,1,0,0,0,0,1,1,0,0,0,1,LP002357
1820,1719.0,100.0,360.0,1.0,1,4.605170185988092,0,1,0,1,1,0,0,0,1,0,1,0,0,0,1,LP002361
7250,1667.0,110.0,360.0,0.0,0,4.700480365792417,0,1,0,1,0,1,0,0,1,0,1,0,0,0,1,LP002362
14880,0.0,96.0,360.0,1.0,1,4.564348191467836,0,1,0,1,1,0,0,0,1,0,1,0,0,1,0,LP002364
2666,4300.0,121.0,360.0,1.0,1,4.795790545596741,0,1,0,1,1,0,0,0,1,0,1,0,1,0,0,LP002366
4606,0.0,81.0,360.0,1.0,0,4.394449154672439,1,0,1,0,0,1,0,0,0,1,1,0,1,0,0,LP002367
5935,0.0,133.0,360.0,1.0,1,4.890349128221754,0,1,0,1,0,0,1,0,1,0,1,0,0,1,0,LP002368
2920,16.12000084,87.0,360.0,1.0,1,4.465908118654584,0,1,0,1,1,0,0,0,1,0,1,0,1,0,0,LP002369
2717,0.0,60.0,180.0,1.0,1,4.0943445622221,0,1,1,0,1,0,0,0,0,1,1,0,0,0,1,LP002370
8624,0.0,150.0,360.0,1.0,1,5.0106352940962555,1,0,1,0,0,1,0,0,1,0,0,1,0,1,0,LP002377
6500,0.0,105.0,360.0,0.0,0,4.653960350157523,0,1,1,0,1,0,0,0,1,0,1,0,1,0,0,LP002379
12876,0.0,405.0,360.0,1.0,1,6.003887067106539,0,1,1,0,1,0,0,0,1,0,1,0,0,1,0,LP002386
2425,2340.0,143.0,360.0,1.0,1,4.962844630259907,0,1,0,1,1,0,0,0,1,0,1,0,0,1,0,LP002387
3750,0.0,100.0,360.0,1.0,1,4.605170185988092,0,1,1,0,1,0,0,0,1,0,1,0,0,0,1,LP002390
10047,0.0,128.0,240.0,1.0,1,4.852030263919617,1,0,0,1,1,0,0,0,1,0,1,0,0,1,0,LP002393
1926,1851.0,50.0,360.0,1.0,1,3.912023005428146,0,1,1,0,1,0,0,0,1,0,1,0,0,1,0,LP002398
2213,1125.0,128.0,360.0,1.0,1,4.852030263919617,0,1,0,1,1,0,0,0,1,0,1,0,0,0,1,LP002401
10416,0.0,187.0,360.0,0.0,0,5.231108616854587,0,1,1,0,1,0,0,0,1,0,0,1,0,0,1,LP002403
7142,0.0,138.0,360.0,1.0,1,4.927253685157205,1,0,0,1,1,0,0,0,0,1,0,1,1,0,0,LP002407
3660,5064.0,187.0,360.0,1.0,1,5.231108616854587,0,1,1,0,1,0,0,0,1,0,1,0,0,1,0,LP002408
7901,1833.0,180.0,360.0,1.0,1,5.19295685089021,0,1,0,1,1,0,0,0,1,0,1,0,1,0,0,LP002409
4707,1993.0,148.0,360.0,1.0,1,4.997212273764115,0,1,1,0,0,0,0,1,0,1,1,0,0,1,0,LP002418
37719,0.0,152.0,360.0,1.0,1,5.0238805208462765,0,1,1,0,0,1,0,0,1,0,1,0,0,1,0,LP002422
7333,8333.0,175.0,300.0,1.0,1,5.1647859739235145,0,1,0,1,1,0,0,0,1,0,1,0,1,0,0,LP002424
3466,1210.0,130.0,360.0,1.0,1,4.867534450455582,0,1,0,1,0,1,0,0,1,0,0,1,1,0,0,LP002429
4652,0.0,110.0,360.0,1.0,1,4.700480365792417,0,1,0,1,0,0,1,0,0,1,1,0,1,0,0,LP002434
3539,1376.0,55.0,360.0,1.0,0,4.007333185232471,0,1,0,1,1,0,0,0,1,0,1,0,1,0,0,LP002435
3340,1710.0,150.0,360.0,0.0,0,5.0106352940962555,0,1,0,1,0,0,1,0,1,0,1,0,1,0,0,LP002443
2769,1542.0,190.0,360.0,1.0,0,5.247024072160486,0,1,1,0,0,1,0,0,0,1,0,1,0,1,0,LP002444
2309,1255.0,125.0,360.0,0.0,0,4.8283137373023015,0,1,0,1,0,0,1,0,0,1,1,0,1,0,0,LP002446
1958,1456.0,60.0,300.0,1.0,1,4.0943445622221,0,1,0,1,0,0,1,0,0,1,1,0,0,0,1,LP002447
3948,1733.0,149.0,360.0,0.0,0,5.003946305945459,0,1,0,1,1,0,0,0,1,0,1,0,1,0,0,LP002448
2483,2466.0,90.0,180.0,0.0,1,4.499809670330265,0,1,0,1,1,0,0,0,1,0,1,0,1,0,0,LP002449
7085,0.0,84.0,360.0,1.0,1,4.430816798843313,0,1,1,0,1,0,0,0,1,0,0,1,0,1,0,LP002453
3859,0.0,96.0,360.0,1.0,1,4.564348191467836,0,1,0,1,0,0,1,0,1,0,1,0,0,1,0,LP002455
4301,0.0,118.0,360.0,1.0,1,4.770684624465665,0,1,0,1,1,0,0,0,1,0,1,0,0,0,1,LP002459
3708,2569.0,173.0,360.0,1.0,0,5.153291594497779,0,1,0,1,1,0,0,0,1,0,1,0,0,0,1,LP002467
4354,0.0,136.0,360.0,1.0,1,4.912654885736052,0,1,1,0,0,0,1,0,1,0,1,0,1,0,0,LP002472
8334,0.0,160.0,360.0,1.0,0,5.075173815233827,0,1,0,1,1,0,0,0,1,0,1,0,0,1,0,LP002473
2083,4083.0,160.0,360.0,1.0,1,5.075173815233827,0,1,0,1,1,0,0,0,1,0,0,1,0,1,0,LP002478
7740,0.0,128.0,180.0,1.0,1,4.852030263919617,0,1,0,1,0,0,0,1,1,0,1,0,0,0,1,LP002484
3015,2188.0,153.0,360.0,1.0,1,5.030437921392435,0,1,0,1,1,0,0,0,1,0,1,0,1,0,0,LP002487
5191,0.0,132.0,360.0,1.0,1,4.882801922586371,1,0,1,0,0,1,0,0,0,1,1,0,0,1,0,LP002489
4166,0.0,98.0,360.0,0.0,0,4.584967478670572,0,1,1,0,1,0,0,0,1,0,1,0,0,1,0,LP002493
6000,0.0,140.0,360.0,1.0,1,4.941642422609304,0,1,1,0,1,0,0,0,1,0,1,0,1,0,0,LP002494
2947,1664.0,70.0,180.0,0.0,0,4.248495242049359,0,1,0,1,0,0,0,1,0,1,1,0,0,0,1,LP002500
16692,0.0,110.0,360.0,1.0,1,4.700480365792417,0,1,0,1,1,0,0,0,1,0,1,0,0,1,0,LP002501
210,2917.0,98.0,360.0,1.0,1,4.584967478670572,1,0,0,1,0,0,1,0,0,1,1,0,0,1,0,LP002502
4333,2451.0,110.0,360.0,1.0,0,4.700480365792417,0,1,0,1,1,0,0,0,1,0,1,0,0,0,1,LP002505
3450,2079.0,162.0,360.0,1.0,1,5.087596335232384,0,1,0,1,0,1,0,0,1,0,0,1,0,1,0,LP002515
2653,1500.0,113.0,180.0,0.0,0,4.727387818712341,0,1,0,1,0,1,0,0,0,1,1,0,1,0,0,LP002517
4691,0.0,100.0,360.0,1.0,1,4.605170185988092,0,1,0,1,0,0,0,1,1,0,1,0,0,1,0,LP002519
2500,0.0,93.0,360.0,1.0,1,4.532599493153256,1,0,1,0,1,0,0,0,1,0,0,1,0,0,1,LP002522
5532,4648.0,162.0,360.0,1.0,1,5.087596335232384,0,1,1,0,0,0,1,0,1,0,1,0,1,0,0,LP002524
16525,1014.0,150.0,360.0,1.0,1,5.0106352940962555,0,1,0,1,0,0,1,0,1,0,0,1,1,0,0,LP002527
6700,1750.0,230.0,300.0,1.0,1,5.438079308923196,0,1,0,1,0,0,1,0,1,0,1,0,0,1,0,LP002529
2873,1872.0,132.0,360.0,0.0,0,4.882801922586371,0,1,0,1,0,0,1,0,1,0,1,0,0,1,0,LP002530
16667,2250.0,86.0,360.0,1.0,1,4.454347296253507,0,1,0,1,0,1,0,0,1,0,0,1,0,1,0,LP002531
2947,1603.0,128.0,360.0,1.0,0,4.852030263919617,0,1,0,1,0,0,1,0,1,0,1,0,0,0,1,LP002533
4350,0.0,154.0,360.0,1.0,1,5.0369526024136295,1,0,1,0,1,0,0,0,0,1,1,0,1,0,0,LP002534
3095,0.0,113.0,360.0,1.0,1,4.727387818712341,0,1,0,1,0,0,0,1,0,1,1,0,1,0,0,LP002536
2083,3150.0,128.0,360.0,1.0,1,4.852030263919617,0,1,0,1,1,0,0,0,1,0,1,0,0,1,0,LP002537
10833,0.0,234.0,360.0,1.0,1,5.455321115357702,0,1,0,1,1,0,0,0,1,0,1,0,0,1,0,LP002541
8333,0.0,246.0,360.0,1.0,1,5.5053315359323625,0,1,0,1,0,0,1,0,1,0,1,0,0,1,0,LP002543
1958,2436.0,131.0,360.0,1.0,1,4.875197323201151,0,1,0,1,0,1,0,0,0,1,1,0,1,0,0,LP002544
3547,0.0,80.0,360.0,0.0,0,4.382026634673881,0,1,1,0,0,0,1,0,1,0,1,0,1,0,0,LP002545
18333,0.0,500.0,360.0,1.0,0,6.214608098422191,0,1,0,1,0,1,0,0,1,0,1,0,0,0,1,LP002547
4583,2083.0,160.0,360.0,1.0,1,5.075173815233827,0,1,0,1,0,0,1,0,1,0,0,1,0,1,0,LP002555
2435,0.0,75.0,360.0,1.0,0,4.31748811353631,0,1,1,0,1,0,0,0,1,0,1,0,0,0,1,LP002556
2699,2785.0,96.0,360.0,1.0,1,4.564348191467836,0,1,1,0,1,0,0,0,0,1,1,0,0,1,0,LP002560
5333,1131.0,186.0,360.0,1.0,1,5.225746673713202,0,1,0,1,0,1,0,0,0,1,1,0,0,0,1,LP002562
3691,0.0,110.0,360.0,1.0,1,4.700480365792417,0,1,1,0,1,0,0,0,0,1,1,0,1,0,0,LP002571
17263,0.0,225.0,360.0,1.0,1,5.41610040220442,1,0,1,0,1,0,0,0,0,1,0,1,0,1,0,LP002582
3597,2157.0,119.0,360.0,0.0,0,4.77912349311153,0,1,0,1,1,0,0,0,1,0,1,0,1,0,0,LP002585
3326,913.0,105.0,84.0,1.0,1,4.653960350157523,1,0,0,1,0,1,0,0,1,0,1,0,0,1,0,LP002586
2600,1700.0,107.0,360.0,1.0,1,4.672828834461906,0,1,0,1,1,0,0,0,0,1,1,0,1,0,0,LP002587
4625,2857.0,111.0,12.0,1.0,1,4.709530201312334,0,1,0,1,1,0,0,0,1,0,1,0,0,0,1,LP002588
2895,0.0,95.0,360.0,1.0,1,4.553876891600541,0,1,0,1,0,1,0,0,1,0,0,1,0,1,0,LP002600
6283,4416.0,209.0,360.0,0.0,0,5.342334251964811,0,1,1,0,1,0,0,0,1,0,1,0,1,0,0,LP002602
645,3683.0,113.0,480.0,1.0,1,4.727387818712341,1,0,1,0,1,0,0,0,1,0,1,0,1,0,0,LP002603
3159,0.0,100.0,360.0,1.0,1,4.605170185988092,1,0,1,0,1,0,0,0,1,0,1,0,0,1,0,LP002606
4865,5624.0,208.0,360.0,1.0,1,5.337538079701318,0,1,0,1,0,0,1,0,1,0,1,0,0,1,0,LP002615
4050,5302.0,138.0,360.0,1.0,0,4.927253685157205,0,1,0,1,0,1,0,0,0,1,1,0,1,0,0,LP002618
3814,1483.0,124.0,300.0,1.0,1,4.820281565605037,0,1,0,1,1,0,0,0,0,1,1,0,0,1,0,LP002619
3510,4416.0,243.0,360.0,1.0,1,5.493061443340548,0,1,0,1,0,0,1,0,1,0,1,0,1,0,0,LP002622
20833,6667.0,480.0,360.0,1.0,1,6.173786103901937,0,1,0,1,1,0,0,0,1,0,1,0,0,0,1,LP002624
3583,0.0,96.0,360.0,1.0,0,4.564348191467836,0,1,1,0,1,0,0,0,1,0,1,0,0,0,1,LP002625
2479,3013.0,188.0,360.0,1.0,1,5.236441962829949,0,1,0,1,1,0,0,0,1,0,0,1,0,0,1,LP002626
13262,0.0,40.0,360.0,1.0,1,3.6888794541139363,1,0,1,0,0,1,0,0,1,0,1,0,0,0,1,LP002634
3598,1287.0,100.0,360.0,1.0,0,4.605170185988092,0,1,1,0,1,0,0,0,0,1,1,0,1,0,0,LP002637
6065,2004.0,250.0,360.0,1.0,1,5.521460917862246,0,1,0,1,0,1,0,0,1,0,1,0,0,1,0,LP002640
3283,2035.0,148.0,360.0,1.0,1,4.997212273764115,0,1,0,1,0,0,1,0,1,0,1,0,0,0,1,LP002643
2130,6666.0,70.0,180.0,1.0,0,4.248495242049359,0,1,0,1,1,0,0,0,1,0,1,0,0,1,0,LP002648
5815,3666.0,311.0,360.0,1.0,0,5.739792912179234,0,1,1,0,1,0,0,0,1,0,1,0,1,0,0,LP002652
3466,3428.0,150.0,360.0,1.0,1,5.0106352940962555,0,1,0,1,0,0,0,1,1,0,1,0,1,0,0,LP002659
2031,1632.0,113.0,480.0,1.0,1,4.727387818712341,1,0,0,1,0,0,1,0,1,0,1,0,0,1,0,LP002670
3074,1800.0,123.0,360.0,0.0,0,4.812184355372417,0,1,0,1,1,0,0,0,0,1,1,0,0,1,0,LP002682
4683,1915.0,185.0,360.0,1.0,0,5.220355825078324,0,1,1,0,1,0,0,0,1,0,1,0,0,1,0,LP002683
3400,0.0,95.0,360.0,1.0,0,4.553876891600541,1,0,1,0,1,0,0,0,0,1,1,0,1,0,0,LP002684
2192,1742.0,45.0,360.0,1.0,1,3.8066624897703196,0,1,0,1,0,0,1,0,0,1,1,0,0,1,0,LP002689
2500,0.0,55.0,360.0,1.0,1,4.007333185232471,0,1,1,0,1,0,0,0,1,0,1,0,0,1,0,LP002690
5677,1424.0,100.0,360.0,1.0,1,4.605170185988092,0,1,0,1,0,0,0,1,1,0,0,1,1,0,0,LP002692
7948,7166.0,480.0,360.0,1.0,1,6.173786103901937,0,1,0,1,0,0,1,0,1,0,0,1,1,0,0,LP002693
4680,2087.0,128.0,360.0,1.0,0,4.852030263919617,0,1,1,0,1,0,0,0,1,0,1,0,0,1,0,LP002697
17500,0.0,400.0,360.0,1.0,1,5.991464547107982,0,1,0,1,0,0,1,0,1,0,0,1,1,0,0,LP002699
3775,0.0,110.0,360.0,1.0,1,4.700480365792417,0,1,0,1,1,0,0,0,1,0,1,0,0,1,0,LP002705
5285,1430.0,161.0,360.0,0.0,1,5.081404364984463,0,1,0,1,0,1,0,0,0,1,1,0,0,1,0,LP002706
2679,1302.0,94.0,360.0,1.0,1,4.543294782270004,0,1,1,0,0,1,0,0,0,1,1,0,0,1,0,LP002714
6783,0.0,130.0,360.0,1.0,1,4.867534450455582,0,1,1,0,1,0,0,0,0,1,1,0,0,1,0,LP002716
1025,5500.0,216.0,360.0,1.0,1,5.375278407684165,0,1,0,1,1,0,0,0,1,0,1,0,1,0,0,LP002717
4281,0.0,100.0,360.0,1.0,1,4.605170185988092,0,1,0,1,0,0,0,1,1,0,1,0,0,0,1,LP002720
3588,0.0,110.0,360.0,0.0,0,4.700480365792417,0,1,1,0,0,0,1,0,1,0,1,0,1,0,0,LP002723
11250,0.0,196.0,360.0,1.0,0,5.278114659230517,0,1,1,0,0,1,0,0,1,0,1,0,0,1,0,LP002729
18165,0.0,125.0,360.0,1.0,1,4.8283137373023015,1,0,1,0,1,0,0,0,0,1,0,1,0,0,1,LP002731
2550,2042.0,126.0,360.0,1.0,1,4.836281906951478,0,1,1,0,1,0,0,0,0,1,1,0,1,0,0,LP002732
6133,3906.0,324.0,360.0,1.0,1,5.780743515792329,0,1,0,1,1,0,0,0,1,0,1,0,0,0,1,LP002734
3617,0.0,107.0,360.0,1.0,1,4.672828834461906,0,1,1,0,0,0,1,0,1,0,1,0,0,1,0,LP002738
2917,536.0,66.0,360.0,1.0,0,4.189654742026425,0,1,0,1,1,0,0,0,0,1,1,0,1,0,0,LP002739
6417,0.0,157.0,180.0,1.0,1,5.056245805348308,0,1,0,1,0,0,0,1,1,0,1,0,1,0,0,LP002740
4608,2845.0,140.0,180.0,1.0,1,4.941642422609304,1,0,0,1,0,1,0,0,1,0,1,0,0,1,0,LP002741
2138,0.0,99.0,360.0,0.0,0,4.59511985013459,1,0,1,0,1,0,0,0,1,0,1,0,0,1,0,LP002743
3652,0.0,95.0,360.0,1.0,1,4.553876891600541,1,0,1,0,0,1,0,0,1,0,1,0,0,1,0,LP002753
2239,2524.0,128.0,360.0,1.0,1,4.852030263919617,0,1,0,1,0,1,0,0,0,1,1,0,0,0,1,LP002755
3017,663.0,102.0,360.0,1.0,1,4.624972813284271,1,0,0,1,1,0,0,0,0,1,1,0,0,1,0,LP002757
2768,1950.0,155.0,360.0,1.0,1,5.043425116919247,0,1,0,1,1,0,0,0,1,0,1,0,1,0,0,LP002767
3358,0.0,80.0,36.0,1.0,0,4.382026634673881,0,1,1,0,1,0,0,0,0,1,1,0,0,1,0,LP002768
2526,1783.0,145.0,360.0,1.0,1,4.976733742420574,0,1,1,0,1,0,0,0,1,0,1,0,1,0,0,LP002772
5000,0.0,103.0,360.0,0.0,0,4.634728988229636,1,0,1,0,1,0,0,0,1,0,1,0,0,1,0,LP002776
2785,2016.0,110.0,360.0,1.0,1,4.700480365792417,0,1,0,1,1,0,0,0,1,0,1,0,1,0,0,LP002777
6633,0.0,128.0,360.0,0.0,0,4.852030263919617,0,1,0,1,0,0,1,0,1,0,0,1,1,0,0,LP002778
2492,2375.0,128.0,360.0,1.0,1,4.852030263919617,0,1,0,1,0,1,0,0,0,1,1,0,1,0,0,LP002784
3333,3250.0,158.0,360.0,1.0,1,5.062595033026967,0,1,0,1,0,1,0,0,1,0,1,0,0,0,1,LP002785
2454,2333.0,181.0,360.0,0.0,0,5.198497031265826,0,1,0,1,1,0,0,0,0,1,1,0,0,0,1,LP002788
3593,4266.0,132.0,180.0,0.0,0,4.882801922586371,0,1,0,1,1,0,0,0,1,0,1,0,1,0,0,LP002789
5468,1032.0,26.0,360.0,1.0,1,3.258096538021482,0,1,0,1,0,1,0,0,1,0,1,0,0,1,0,LP002792
2667,1625.0,84.0,360.0,1.0,1,4.430816798843313,1,0,1,0,1,0,0,0,1,0,1,0,0,0,1,LP002794
10139,0.0,260.0,360.0,1.0,1,5.560681631015528,0,1,0,1,0,0,0,1,1,0,0,1,0,1,0,LP002795
3887,2669.0,162.0,360.0,1.0,1,5.087596335232384,0,1,0,1,1,0,0,0,1,0,1,0,0,1,0,LP002798
4180,2306.0,182.0,360.0,1.0,1,5.204006687076795,1,0,0,1,1,0,0,0,1,0,1,0,0,1,0,LP002804
3675,242.0,108.0,360.0,1.0,1,4.68213122712422,0,1,0,1,0,0,1,0,0,1,1,0,0,1,0,LP002807
19484,0.0,600.0,360.0,1.0,1,6.396929655216146,1,0,0,1,0,1,0,0,1,0,0,1,0,1,0,LP002813
5923,2054.0,211.0,360.0,1.0,1,5.351858133476067,0,1,0,1,1,0,0,0,1,0,1,0,1,0,0,LP002820
5800,0.0,132.0,360.0,1.0,1,4.882801922586371,0,1,1,0,1,0,0,0,0,1,0,1,0,1,0,LP002821
8799,0.0,258.0,360.0,0.0,0,5.552959584921617,0,1,0,1,0,0,1,0,1,0,1,0,0,0,1,LP002832
4467,0.0,120.0,360.0,1.0,1,4.787491742782046,0,1,0,1,1,0,0,0,0,1,1,0,1,0,0,LP002833
3333,0.0,70.0,360.0,1.0,1,4.248495242049359,0,1,1,0,1,0,0,0,1,0,1,0,0,0,1,LP002836
3400,2500.0,123.0,360.0,0.0,0,4.812184355372417,0,1,0,1,0,0,0,1,1,0,1,0,1,0,0,LP002837
2378,0.0,9.0,360.0,1.0,0,2.1972245773362196,1,0,1,0,1,0,0,0,1,0,1,0,0,0,1,LP002840
3166,2064.0,104.0,360.0,0.0,0,4.6443908991413725,0,1,0,1,1,0,0,0,1,0,1,0,0,0,1,LP002841
3417,1750.0,186.0,360.0,1.0,1,5.225746673713202,0,1,0,1,0,1,0,0,1,0,1,0,0,0,1,LP002842
5116,1451.0,165.0,360.0,0.0,0,5.10594547390058,0,1,0,1,1,0,0,0,1,0,1,0,0,0,1,LP002847
16666,0.0,275.0,360.0,1.0,1,5.616771097666572,0,1,0,1,0,0,1,0,1,0,1,0,0,0,1,LP002855
6125,1625.0,187.0,480.0,1.0,0,5.231108616854587,0,1,0,1,0,0,1,0,0,1,1,0,0,1,0,LP002862
6406,0.0,150.0,360.0,1.0,0,5.0106352940962555,0,1,0,1,0,0,0,1,1,0,1,0,0,1,0,LP002863
3159,461.0,108.0,84.0,1.0,1,4.68213122712422,0,1,0,1,0,0,1,0,1,0,1,0,0,0,1,LP002868
3087,2210.0,136.0,360.0,0.0,0,4.912654885736052,0,1,0,1,1,0,0,0,1,0,1,0,0,1,0,LP002872
3229,2739.0,110.0,360.0,1.0,1,4.700480365792417,0,1,1,0,1,0,0,0,1,0,1,0,0,0,1,LP002874
1782,2232.0,107.0,360.0,1.0,1,4.672828834461906,0,1,0,1,0,1,0,0,1,0,1,0,1,0,0,LP002877
3182,2917.0,161.0,360.0,1.0,1,5.081404364984463,0,1,1,0,1,0,0,0,1,0,1,0,0,0,1,LP002888
6540,0.0,205.0,360.0,1.0,1,5.3230099791384085,0,1,0,1,0,0,1,0,1,0,1,0,0,1,0,LP002892
1836,33837.0,90.0,360.0,1.0,0,4.499809670330265,0,1,1,0,1,0,0,0,1,0,1,0,0,0,1,LP002893
3166,0.0,36.0,360.0,1.0,1,3.58351893845611,1,0,0,1,1,0,0,0,1,0,1,0,0,1,0,LP002894
1880,0.0,61.0,360.0,1.0,0,4.110873864173311,0,1,0,1,0,1,0,0,1,0,1,0,1,0,0,LP002898
2787,1917.0,146.0,360.0,0.0,0,4.983606621708336,0,1,0,1,0,1,0,0,1,0,1,0,1,0,0,LP002911
4283,3000.0,172.0,84.0,1.0,0,5.147494476813453,0,1,0,1,0,1,0,0,1,0,1,0,1,0,0,LP002912
2297,1522.0,104.0,360.0,1.0,1,4.6443908991413725,0,1,0,1,1,0,0,0,1,0,1,0,0,0,1,LP002916
2165,0.0,70.0,360.0,1.0,1,4.248495242049359,1,0,1,0,1,0,0,0,0,1,1,0,0,1,0,LP002917
4750,0.0,94.0,360.0,1.0,1,4.543294782270004,0,1,1,0,1,0,0,0,1,0,1,0,0,1,0,LP002925
2726,0.0,106.0,360.0,0.0,0,4.663439094112067,0,1,0,1,0,0,1,0,1,0,0,1,0,1,0,LP002926
3000,3416.0,56.0,180.0,1.0,1,4.02535169073515,0,1,0,1,1,0,0,0,1,0,1,0,0,1,0,LP002928
6000,0.0,205.0,240.0,1.0,0,5.3230099791384085,0,1,0,1,0,0,1,0,1,0,0,1,0,1,0,LP002931
9357,0.0,292.0,360.0,1.0,1,5.676753802268282,0,1,1,0,0,0,0,1,1,0,0,1,0,1,0,LP002933
3859,3300.0,142.0,180.0,1.0,1,4.955827057601261,0,1,0,1,1,0,0,0,1,0,1,0,1,0,0,LP002936
16120,0.0,260.0,360.0,1.0,1,5.560681631015528,0,1,0,1,1,0,0,0,1,0,0,1,0,0,1,LP002938
3833,0.0,110.0,360.0,1.0,1,4.700480365792417,0,1,1,0,1,0,0,0,0,1,1,0,1,0,0,LP002940
6383,1000.0,187.0,360.0,1.0,0,5.231108616854587,0,1,0,1,0,0,1,0,0,1,0,1,1,0,0,LP002941
2987,0.0,88.0,360.0,0.0,0,4.477336814478207,0,1,1,0,1,0,0,0,1,0,1,0,0,1,0,LP002943
9963,0.0,180.0,360.0,1.0,1,5.19295685089021,0,1,0,1,1,0,0,0,1,0,0,1,1,0,0,LP002945
5780,0.0,192.0,360.0,1.0,1,5.2574953720277815,0,1,0,1,0,0,1,0,1,0,1,0,0,0,1,LP002948
416,41667.0,350.0,180.0,1.0,0,5.857933154483459,1,0,1,0,0,0,0,1,1,0,1,0,0,0,1,LP002949
2894,2792.0,155.0,360.0,1.0,1,5.043425116919247,0,1,0,1,1,0,0,0,0,1,1,0,1,0,0,LP002950
5703,0.0,128.0,360.0,1.0,1,4.852030263919617,0,1,0,1,0,0,0,1,1,0,1,0,0,0,1,LP002953
3676,4301.0,172.0,360.0,1.0,1,5.147494476813453,0,1,1,0,1,0,0,0,1,0,1,0,1,0,0,LP002958
12000,0.0,496.0,360.0,1.0,1,6.206575926724928,1,0,0,1,0,1,0,0,1,0,1,0,0,1,0,LP002959
2400,3800.0,128.0,180.0,1.0,0,4.852030263919617,0,1,0,1,1,0,0,0,0,1,1,0,0,0,1,LP002960
3400,2500.0,173.0,360.0,1.0,1,5.153291594497779,0,1,0,1,0,1,0,0,1,0,1,0,0,1,0,LP002961
3987,1411.0,157.0,360.0,1.0,1,5.056245805348308,0,1,0,1,0,0,1,0,0,1,1,0,1,0,0,LP002964
3232,1950.0,108.0,360.0,1.0,1,4.68213122712422,0,1,0,1,1,0,0,0,1,0,1,0,1,0,0,LP002974
2900,0.0,71.0,360.0,1.0,1,4.2626798770413155,1,0,1,0,1,0,0,0,1,0,1,0,1,0,0,LP002978
4106,0.0,40.0,180.0,1.0,1,3.6888794541139363,0,1,0,1,0,0,0,1,1,0,1,0,1,0,0,LP002979
8072,240.0,253.0,360.0,1.0,1,5.53338948872752,0,1,0,1,0,1,0,0,1,0,1,0,0,0,1,LP002983
7583,0.0,187.0,360.0,1.0,1,5.231108616854587,0,1,0,1,0,0,1,0,1,0,1,0,0,0,1,LP002984
4583,0.0,133.0,360.0,0.0,0,4.890349128221754,1,0,1,0,1,0,0,0,1,0,0,1,0,1,0,LP002990
